package,ondiskversion,loadedversion,path,loadedpath,attached,is_base,date,source,md5ok,library
assertthat,0.2.1,0.2.1,/home/derek/R/x86_64-pc-linux-gnu-library/4.0/assertthat,/home/derek/R/x86_64-pc-linux-gnu-library/4.0/assertthat,FALSE,FALSE,2019-03-21,CRAN (R 4.0.4),NA,/home/derek/R/x86_64-pc-linux-gnu-library/4.0
backports,1.2.1,1.2.1,/home/derek/R/x86_64-pc-linux-gnu-library/4.0/backports,/home/derek/R/x86_64-pc-linux-gnu-library/4.0/backports,FALSE,FALSE,2020-12-09,CRAN (R 4.0.4),NA,/home/derek/R/x86_64-pc-linux-gnu-library/4.0
bayestestR,0.8.2,0.8.2,/home/derek/R/x86_64-pc-linux-gnu-library/4.0/bayestestR,/home/derek/R/x86_64-pc-linux-gnu-library/4.0/bayestestR,FALSE,FALSE,2021-01-26,CRAN (R 4.0.4),NA,/home/derek/R/x86_64-pc-linux-gnu-library/4.0
bookdown,0.21,0.21,/home/derek/R/x86_64-pc-linux-gnu-library/4.0/bookdown,/home/derek/R/x86_64-pc-linux-gnu-library/4.0/bookdown,FALSE,FALSE,2020-10-13,CRAN (R 4.0.4),NA,/home/derek/R/x86_64-pc-linux-gnu-library/4.0
boot,1.3.27,1.3-27,/home/derek/R/x86_64-pc-linux-gnu-library/4.0/boot,/home/derek/R/x86_64-pc-linux-gnu-library/4.0/boot,FALSE,FALSE,2021-02-12,CRAN (R 4.0.4),NA,/home/derek/R/x86_64-pc-linux-gnu-library/4.0
broom,0.7.5,0.7.5,/home/derek/R/x86_64-pc-linux-gnu-library/4.0/broom,/home/derek/R/x86_64-pc-linux-gnu-library/4.0/broom,FALSE,FALSE,2021-02-19,CRAN (R 4.0.4),NA,/home/derek/R/x86_64-pc-linux-gnu-library/4.0
broom.mixed,0.2.6,0.2.6,/home/derek/R/x86_64-pc-linux-gnu-library/4.0/broom.mixed,/home/derek/R/x86_64-pc-linux-gnu-library/4.0/broom.mixed,FALSE,FALSE,2020-05-17,CRAN (R 4.0.4),NA,/home/derek/R/x86_64-pc-linux-gnu-library/4.0
broomExtra,4.2.1,4.2.1,/home/derek/R/x86_64-pc-linux-gnu-library/4.0/broomExtra,/home/derek/R/x86_64-pc-linux-gnu-library/4.0/broomExtra,TRUE,FALSE,2021-02-21,CRAN (R 4.0.4),NA,/home/derek/R/x86_64-pc-linux-gnu-library/4.0
cachem,1.0.4,1.0.4,/home/derek/R/x86_64-pc-linux-gnu-library/4.0/cachem,/home/derek/R/x86_64-pc-linux-gnu-library/4.0/cachem,FALSE,FALSE,2021-02-13,CRAN (R 4.0.4),NA,/home/derek/R/x86_64-pc-linux-gnu-library/4.0
callr,3.5.1,3.5.1,/home/derek/R/x86_64-pc-linux-gnu-library/4.0/callr,/home/derek/R/x86_64-pc-linux-gnu-library/4.0/callr,FALSE,FALSE,2020-10-13,CRAN (R 4.0.4),NA,/home/derek/R/x86_64-pc-linux-gnu-library/4.0
cellranger,1.1.0,1.1.0,/home/derek/R/x86_64-pc-linux-gnu-library/4.0/cellranger,/home/derek/R/x86_64-pc-linux-gnu-library/4.0/cellranger,FALSE,FALSE,2016-07-27,CRAN (R 4.0.4),NA,/home/derek/R/x86_64-pc-linux-gnu-library/4.0
cli,2.3.1,2.3.1,/home/derek/R/x86_64-pc-linux-gnu-library/4.0/cli,/home/derek/R/x86_64-pc-linux-gnu-library/4.0/cli,FALSE,FALSE,2021-02-23,CRAN (R 4.0.4),NA,/home/derek/R/x86_64-pc-linux-gnu-library/4.0
coda,0.19.4,0.19-4,/home/derek/R/x86_64-pc-linux-gnu-library/4.0/coda,/home/derek/R/x86_64-pc-linux-gnu-library/4.0/coda,FALSE,FALSE,2020-09-30,CRAN (R 4.0.4),NA,/home/derek/R/x86_64-pc-linux-gnu-library/4.0
codetools,0.2.18,0.2-18,/home/derek/R/x86_64-pc-linux-gnu-library/4.0/codetools,/home/derek/R/x86_64-pc-linux-gnu-library/4.0/codetools,FALSE,FALSE,2020-11-04,CRAN (R 4.0.4),NA,/home/derek/R/x86_64-pc-linux-gnu-library/4.0
colorspace,2.0.0,2.0-0,/home/derek/R/x86_64-pc-linux-gnu-library/4.0/colorspace,/home/derek/R/x86_64-pc-linux-gnu-library/4.0/colorspace,FALSE,FALSE,2020-11-11,CRAN (R 4.0.4),NA,/home/derek/R/x86_64-pc-linux-gnu-library/4.0
crayon,1.4.1,1.4.1,/home/derek/R/x86_64-pc-linux-gnu-library/4.0/crayon,/home/derek/R/x86_64-pc-linux-gnu-library/4.0/crayon,FALSE,FALSE,2021-02-08,CRAN (R 4.0.4),NA,/home/derek/R/x86_64-pc-linux-gnu-library/4.0
DBI,1.1.1,1.1.1,/home/derek/R/x86_64-pc-linux-gnu-library/4.0/DBI,/home/derek/R/x86_64-pc-linux-gnu-library/4.0/DBI,FALSE,FALSE,2021-01-15,CRAN (R 4.0.4),NA,/home/derek/R/x86_64-pc-linux-gnu-library/4.0
dbplyr,2.1.0,2.1.0,/home/derek/R/x86_64-pc-linux-gnu-library/4.0/dbplyr,/home/derek/R/x86_64-pc-linux-gnu-library/4.0/dbplyr,FALSE,FALSE,2021-02-03,CRAN (R 4.0.4),NA,/home/derek/R/x86_64-pc-linux-gnu-library/4.0
desc,1.3.0,1.3.0,/home/derek/R/x86_64-pc-linux-gnu-library/4.0/desc,/home/derek/R/x86_64-pc-linux-gnu-library/4.0/desc,FALSE,FALSE,2021-03-05,CRAN (R 4.0.4),NA,/home/derek/R/x86_64-pc-linux-gnu-library/4.0
devtools,2.3.2,2.3.2,/home/derek/R/x86_64-pc-linux-gnu-library/4.0/devtools,/home/derek/R/x86_64-pc-linux-gnu-library/4.0/devtools,FALSE,FALSE,2020-09-18,CRAN (R 4.0.4),NA,/home/derek/R/x86_64-pc-linux-gnu-library/4.0
digest,0.6.27,0.6.27,/home/derek/R/x86_64-pc-linux-gnu-library/4.0/digest,/home/derek/R/x86_64-pc-linux-gnu-library/4.0/digest,FALSE,FALSE,2020-10-24,CRAN (R 4.0.4),NA,/home/derek/R/x86_64-pc-linux-gnu-library/4.0
doParallel,1.0.16,1.0.16,/home/derek/R/x86_64-pc-linux-gnu-library/4.0/doParallel,/home/derek/R/x86_64-pc-linux-gnu-library/4.0/doParallel,TRUE,FALSE,2020-10-16,CRAN (R 4.0.4),NA,/home/derek/R/x86_64-pc-linux-gnu-library/4.0
dplyr,1.0.5,1.0.5,/home/derek/R/x86_64-pc-linux-gnu-library/4.0/dplyr,/home/derek/R/x86_64-pc-linux-gnu-library/4.0/dplyr,TRUE,FALSE,2021-03-05,CRAN (R 4.0.4),NA,/home/derek/R/x86_64-pc-linux-gnu-library/4.0
effectsize,0.4.4,0.4.4,/home/derek/R/x86_64-pc-linux-gnu-library/4.0/effectsize,/home/derek/R/x86_64-pc-linux-gnu-library/4.0/effectsize,FALSE,FALSE,2021-03-14,CRAN (R 4.0.4),NA,/home/derek/R/x86_64-pc-linux-gnu-library/4.0
ellipsis,0.3.1,0.3.1,/home/derek/R/x86_64-pc-linux-gnu-library/4.0/ellipsis,/home/derek/R/x86_64-pc-linux-gnu-library/4.0/ellipsis,FALSE,FALSE,2020-05-15,CRAN (R 4.0.4),NA,/home/derek/R/x86_64-pc-linux-gnu-library/4.0
emmeans,1.5.5.1,1.5.5-1,/home/derek/R/x86_64-pc-linux-gnu-library/4.0/emmeans,/home/derek/R/x86_64-pc-linux-gnu-library/4.0/emmeans,FALSE,FALSE,2021-03-21,CRAN (R 4.0.4),NA,/home/derek/R/x86_64-pc-linux-gnu-library/4.0
estimability,1.3,1.3,/home/derek/R/x86_64-pc-linux-gnu-library/4.0/estimability,/home/derek/R/x86_64-pc-linux-gnu-library/4.0/estimability,FALSE,FALSE,2018-02-11,CRAN (R 4.0.4),NA,/home/derek/R/x86_64-pc-linux-gnu-library/4.0
evaluate,0.14,0.14,/home/derek/R/x86_64-pc-linux-gnu-library/4.0/evaluate,/home/derek/R/x86_64-pc-linux-gnu-library/4.0/evaluate,FALSE,FALSE,2019-05-28,CRAN (R 4.0.4),NA,/home/derek/R/x86_64-pc-linux-gnu-library/4.0
fansi,0.4.2,0.4.2,/home/derek/R/x86_64-pc-linux-gnu-library/4.0/fansi,/home/derek/R/x86_64-pc-linux-gnu-library/4.0/fansi,FALSE,FALSE,2021-01-15,CRAN (R 4.0.4),NA,/home/derek/R/x86_64-pc-linux-gnu-library/4.0
farver,2.1.0,2.1.0,/home/derek/R/x86_64-pc-linux-gnu-library/4.0/farver,/home/derek/R/x86_64-pc-linux-gnu-library/4.0/farver,FALSE,FALSE,2021-02-28,CRAN (R 4.0.4),NA,/home/derek/R/x86_64-pc-linux-gnu-library/4.0
fastmap,1.1.0,1.1.0,/home/derek/R/x86_64-pc-linux-gnu-library/4.0/fastmap,/home/derek/R/x86_64-pc-linux-gnu-library/4.0/fastmap,FALSE,FALSE,2021-01-25,CRAN (R 4.0.4),NA,/home/derek/R/x86_64-pc-linux-gnu-library/4.0
forcats,0.5.1,0.5.1,/home/derek/R/x86_64-pc-linux-gnu-library/4.0/forcats,/home/derek/R/x86_64-pc-linux-gnu-library/4.0/forcats,TRUE,FALSE,2021-01-27,CRAN (R 4.0.4),NA,/home/derek/R/x86_64-pc-linux-gnu-library/4.0
foreach,1.5.1,1.5.1,/home/derek/R/x86_64-pc-linux-gnu-library/4.0/foreach,/home/derek/R/x86_64-pc-linux-gnu-library/4.0/foreach,TRUE,FALSE,2020-10-15,CRAN (R 4.0.4),NA,/home/derek/R/x86_64-pc-linux-gnu-library/4.0
formatR,1.8,1.8,/home/derek/R/x86_64-pc-linux-gnu-library/4.0/formatR,/home/derek/R/x86_64-pc-linux-gnu-library/4.0/formatR,FALSE,FALSE,2021-03-12,CRAN (R 4.0.4),NA,/home/derek/R/x86_64-pc-linux-gnu-library/4.0
fs,1.5.0,1.5.0,/home/derek/R/x86_64-pc-linux-gnu-library/4.0/fs,/home/derek/R/x86_64-pc-linux-gnu-library/4.0/fs,FALSE,FALSE,2020-07-31,CRAN (R 4.0.4),NA,/home/derek/R/x86_64-pc-linux-gnu-library/4.0
generics,0.1.0,0.1.0,/home/derek/R/x86_64-pc-linux-gnu-library/4.0/generics,/home/derek/R/x86_64-pc-linux-gnu-library/4.0/generics,FALSE,FALSE,2020-10-31,CRAN (R 4.0.4),NA,/home/derek/R/x86_64-pc-linux-gnu-library/4.0
ggplot2,3.3.3,3.3.3,/home/derek/R/x86_64-pc-linux-gnu-library/4.0/ggplot2,/home/derek/R/x86_64-pc-linux-gnu-library/4.0/ggplot2,TRUE,FALSE,2020-12-30,CRAN (R 4.0.4),NA,/home/derek/R/x86_64-pc-linux-gnu-library/4.0
glue,1.4.2,1.4.2,/home/derek/R/x86_64-pc-linux-gnu-library/4.0/glue,/home/derek/R/x86_64-pc-linux-gnu-library/4.0/glue,FALSE,FALSE,2020-08-27,CRAN (R 4.0.4),NA,/home/derek/R/x86_64-pc-linux-gnu-library/4.0
gtable,0.3.0,0.3.0,/home/derek/R/x86_64-pc-linux-gnu-library/4.0/gtable,/home/derek/R/x86_64-pc-linux-gnu-library/4.0/gtable,FALSE,FALSE,2019-03-25,CRAN (R 4.0.4),NA,/home/derek/R/x86_64-pc-linux-gnu-library/4.0
haven,2.3.1,2.3.1,/home/derek/R/x86_64-pc-linux-gnu-library/4.0/haven,/home/derek/R/x86_64-pc-linux-gnu-library/4.0/haven,FALSE,FALSE,2020-06-01,CRAN (R 4.0.4),NA,/home/derek/R/x86_64-pc-linux-gnu-library/4.0
highr,0.8,0.8,/home/derek/R/x86_64-pc-linux-gnu-library/4.0/highr,/home/derek/R/x86_64-pc-linux-gnu-library/4.0/highr,FALSE,FALSE,2019-03-20,CRAN (R 4.0.4),NA,/home/derek/R/x86_64-pc-linux-gnu-library/4.0
hms,1.0.0,1.0.0,/home/derek/R/x86_64-pc-linux-gnu-library/4.0/hms,/home/derek/R/x86_64-pc-linux-gnu-library/4.0/hms,FALSE,FALSE,2021-01-13,CRAN (R 4.0.4),NA,/home/derek/R/x86_64-pc-linux-gnu-library/4.0
htmltools,0.5.1.1,0.5.1.1,/home/derek/R/x86_64-pc-linux-gnu-library/4.0/htmltools,/home/derek/R/x86_64-pc-linux-gnu-library/4.0/htmltools,FALSE,FALSE,2021-01-22,CRAN (R 4.0.4),NA,/home/derek/R/x86_64-pc-linux-gnu-library/4.0
httr,1.4.2,1.4.2,/home/derek/R/x86_64-pc-linux-gnu-library/4.0/httr,/home/derek/R/x86_64-pc-linux-gnu-library/4.0/httr,FALSE,FALSE,2020-07-20,CRAN (R 4.0.4),NA,/home/derek/R/x86_64-pc-linux-gnu-library/4.0
insight,0.13.1,0.13.1,/home/derek/R/x86_64-pc-linux-gnu-library/4.0/insight,/home/derek/R/x86_64-pc-linux-gnu-library/4.0/insight,FALSE,FALSE,2021-02-22,CRAN (R 4.0.4),NA,/home/derek/R/x86_64-pc-linux-gnu-library/4.0
iterators,1.0.13,1.0.13,/home/derek/R/x86_64-pc-linux-gnu-library/4.0/iterators,/home/derek/R/x86_64-pc-linux-gnu-library/4.0/iterators,TRUE,FALSE,2020-10-15,CRAN (R 4.0.4),NA,/home/derek/R/x86_64-pc-linux-gnu-library/4.0
jsonlite,1.7.2,1.7.2,/home/derek/R/x86_64-pc-linux-gnu-library/4.0/jsonlite,/home/derek/R/x86_64-pc-linux-gnu-library/4.0/jsonlite,FALSE,FALSE,2020-12-09,CRAN (R 4.0.4),NA,/home/derek/R/x86_64-pc-linux-gnu-library/4.0
kableExtra,1.3.4,1.3.4,/home/derek/R/x86_64-pc-linux-gnu-library/4.0/kableExtra,/home/derek/R/x86_64-pc-linux-gnu-library/4.0/kableExtra,TRUE,FALSE,2021-02-20,CRAN (R 4.0.4),NA,/home/derek/R/x86_64-pc-linux-gnu-library/4.0
knitr,1.31,1.31,/home/derek/R/x86_64-pc-linux-gnu-library/4.0/knitr,/home/derek/R/x86_64-pc-linux-gnu-library/4.0/knitr,FALSE,FALSE,2021-01-27,CRAN (R 4.0.4),NA,/home/derek/R/x86_64-pc-linux-gnu-library/4.0
labeling,0.4.2,0.4.2,/home/derek/R/x86_64-pc-linux-gnu-library/4.0/labeling,/home/derek/R/x86_64-pc-linux-gnu-library/4.0/labeling,FALSE,FALSE,2020-10-20,CRAN (R 4.0.4),NA,/home/derek/R/x86_64-pc-linux-gnu-library/4.0
lattice,0.20.41,0.20-41,/home/derek/R/x86_64-pc-linux-gnu-library/4.0/lattice,/home/derek/R/x86_64-pc-linux-gnu-library/4.0/lattice,FALSE,FALSE,2020-04-02,CRAN (R 4.0.4),NA,/home/derek/R/x86_64-pc-linux-gnu-library/4.0
lifecycle,1.0.0,1.0.0,/home/derek/R/x86_64-pc-linux-gnu-library/4.0/lifecycle,/home/derek/R/x86_64-pc-linux-gnu-library/4.0/lifecycle,FALSE,FALSE,2021-02-15,CRAN (R 4.0.4),NA,/home/derek/R/x86_64-pc-linux-gnu-library/4.0
lme4,1.1.26,1.1-26,/home/derek/R/x86_64-pc-linux-gnu-library/4.0/lme4,/home/derek/R/x86_64-pc-linux-gnu-library/4.0/lme4,TRUE,FALSE,2020-12-01,CRAN (R 4.0.4),NA,/home/derek/R/x86_64-pc-linux-gnu-library/4.0
lubridate,1.7.10,1.7.10,/home/derek/R/x86_64-pc-linux-gnu-library/4.0/lubridate,/home/derek/R/x86_64-pc-linux-gnu-library/4.0/lubridate,FALSE,FALSE,2021-02-26,CRAN (R 4.0.4),NA,/home/derek/R/x86_64-pc-linux-gnu-library/4.0
magrittr,2.0.1,2.0.1,/home/derek/R/x86_64-pc-linux-gnu-library/4.0/magrittr,/home/derek/R/x86_64-pc-linux-gnu-library/4.0/magrittr,FALSE,FALSE,2020-11-17,CRAN (R 4.0.4),NA,/home/derek/R/x86_64-pc-linux-gnu-library/4.0
MASS,7.3.53.1,7.3-53.1,/home/derek/R/x86_64-pc-linux-gnu-library/4.0/MASS,/home/derek/R/x86_64-pc-linux-gnu-library/4.0/MASS,FALSE,FALSE,2021-02-12,CRAN (R 4.0.4),NA,/home/derek/R/x86_64-pc-linux-gnu-library/4.0
Matrix,1.3.2,1.3-2,/home/derek/R/x86_64-pc-linux-gnu-library/4.0/Matrix,/home/derek/R/x86_64-pc-linux-gnu-library/4.0/Matrix,TRUE,FALSE,2021-01-06,CRAN (R 4.0.4),NA,/home/derek/R/x86_64-pc-linux-gnu-library/4.0
memoise,2.0.0,2.0.0,/home/derek/R/x86_64-pc-linux-gnu-library/4.0/memoise,/home/derek/R/x86_64-pc-linux-gnu-library/4.0/memoise,FALSE,FALSE,2021-01-26,CRAN (R 4.0.4),NA,/home/derek/R/x86_64-pc-linux-gnu-library/4.0
minqa,1.2.4,1.2.4,/home/derek/R/x86_64-pc-linux-gnu-library/4.0/minqa,/home/derek/R/x86_64-pc-linux-gnu-library/4.0/minqa,FALSE,FALSE,2014-10-09,CRAN (R 4.0.4),NA,/home/derek/R/x86_64-pc-linux-gnu-library/4.0
modelr,0.1.8,0.1.8,/home/derek/R/x86_64-pc-linux-gnu-library/4.0/modelr,/home/derek/R/x86_64-pc-linux-gnu-library/4.0/modelr,FALSE,FALSE,2020-05-19,CRAN (R 4.0.4),NA,/home/derek/R/x86_64-pc-linux-gnu-library/4.0
multcomp,1.4.16,1.4-16,/home/derek/R/x86_64-pc-linux-gnu-library/4.0/multcomp,/home/derek/R/x86_64-pc-linux-gnu-library/4.0/multcomp,FALSE,FALSE,2021-02-08,CRAN (R 4.0.5),NA,/home/derek/R/x86_64-pc-linux-gnu-library/4.0
MuMIn,1.43.17,1.43.17,/home/derek/R/x86_64-pc-linux-gnu-library/4.0/MuMIn,/home/derek/R/x86_64-pc-linux-gnu-library/4.0/MuMIn,TRUE,FALSE,2020-04-15,CRAN (R 4.0.4),NA,/home/derek/R/x86_64-pc-linux-gnu-library/4.0
munsell,0.5.0,0.5.0,/home/derek/R/x86_64-pc-linux-gnu-library/4.0/munsell,/home/derek/R/x86_64-pc-linux-gnu-library/4.0/munsell,FALSE,FALSE,2018-06-12,CRAN (R 4.0.4),NA,/home/derek/R/x86_64-pc-linux-gnu-library/4.0
mvtnorm,1.1.1,1.1-1,/home/derek/R/x86_64-pc-linux-gnu-library/4.0/mvtnorm,/home/derek/R/x86_64-pc-linux-gnu-library/4.0/mvtnorm,FALSE,FALSE,2020-06-09,CRAN (R 4.0.4),NA,/home/derek/R/x86_64-pc-linux-gnu-library/4.0
nlme,3.1.152,3.1-152,/home/derek/R/x86_64-pc-linux-gnu-library/4.0/nlme,/home/derek/R/x86_64-pc-linux-gnu-library/4.0/nlme,FALSE,FALSE,2021-02-04,CRAN (R 4.0.4),NA,/home/derek/R/x86_64-pc-linux-gnu-library/4.0
nloptr,1.2.2.2,1.2.2.2,/home/derek/R/x86_64-pc-linux-gnu-library/4.0/nloptr,/home/derek/R/x86_64-pc-linux-gnu-library/4.0/nloptr,FALSE,FALSE,2020-07-02,CRAN (R 4.0.4),NA,/home/derek/R/x86_64-pc-linux-gnu-library/4.0
parameters,0.12.0,0.12.0,/home/derek/R/x86_64-pc-linux-gnu-library/4.0/parameters,/home/derek/R/x86_64-pc-linux-gnu-library/4.0/parameters,FALSE,FALSE,2021-02-21,CRAN (R 4.0.4),NA,/home/derek/R/x86_64-pc-linux-gnu-library/4.0
performance,0.7.0,0.7.0,/home/derek/R/x86_64-pc-linux-gnu-library/4.0/performance,/home/derek/R/x86_64-pc-linux-gnu-library/4.0/performance,FALSE,FALSE,2021-02-03,CRAN (R 4.0.4),NA,/home/derek/R/x86_64-pc-linux-gnu-library/4.0
pillar,1.5.1,1.5.1,/home/derek/R/x86_64-pc-linux-gnu-library/4.0/pillar,/home/derek/R/x86_64-pc-linux-gnu-library/4.0/pillar,FALSE,FALSE,2021-03-05,CRAN (R 4.0.4),NA,/home/derek/R/x86_64-pc-linux-gnu-library/4.0
pkgbuild,1.2.0,1.2.0,/home/derek/R/x86_64-pc-linux-gnu-library/4.0/pkgbuild,/home/derek/R/x86_64-pc-linux-gnu-library/4.0/pkgbuild,FALSE,FALSE,2020-12-15,CRAN (R 4.0.4),NA,/home/derek/R/x86_64-pc-linux-gnu-library/4.0
pkgconfig,2.0.3,2.0.3,/home/derek/R/x86_64-pc-linux-gnu-library/4.0/pkgconfig,/home/derek/R/x86_64-pc-linux-gnu-library/4.0/pkgconfig,FALSE,FALSE,2019-09-22,CRAN (R 4.0.4),NA,/home/derek/R/x86_64-pc-linux-gnu-library/4.0
pkgload,1.2.0,1.2.0,/home/derek/R/x86_64-pc-linux-gnu-library/4.0/pkgload,/home/derek/R/x86_64-pc-linux-gnu-library/4.0/pkgload,FALSE,FALSE,2021-02-23,CRAN (R 4.0.4),NA,/home/derek/R/x86_64-pc-linux-gnu-library/4.0
plyr,1.8.6,1.8.6,/home/derek/R/x86_64-pc-linux-gnu-library/4.0/plyr,/home/derek/R/x86_64-pc-linux-gnu-library/4.0/plyr,FALSE,FALSE,2020-03-03,CRAN (R 4.0.4),NA,/home/derek/R/x86_64-pc-linux-gnu-library/4.0
prettyunits,1.1.1,1.1.1,/home/derek/R/x86_64-pc-linux-gnu-library/4.0/prettyunits,/home/derek/R/x86_64-pc-linux-gnu-library/4.0/prettyunits,FALSE,FALSE,2020-01-24,CRAN (R 4.0.4),NA,/home/derek/R/x86_64-pc-linux-gnu-library/4.0
processx,3.5.0,3.5.0,/home/derek/R/x86_64-pc-linux-gnu-library/4.0/processx,/home/derek/R/x86_64-pc-linux-gnu-library/4.0/processx,FALSE,FALSE,2021-03-23,CRAN (R 4.0.4),NA,/home/derek/R/x86_64-pc-linux-gnu-library/4.0
ps,1.6.0,1.6.0,/home/derek/R/x86_64-pc-linux-gnu-library/4.0/ps,/home/derek/R/x86_64-pc-linux-gnu-library/4.0/ps,FALSE,FALSE,2021-02-28,CRAN (R 4.0.4),NA,/home/derek/R/x86_64-pc-linux-gnu-library/4.0
purrr,0.3.4,0.3.4,/home/derek/R/x86_64-pc-linux-gnu-library/4.0/purrr,/home/derek/R/x86_64-pc-linux-gnu-library/4.0/purrr,TRUE,FALSE,2020-04-17,CRAN (R 4.0.4),NA,/home/derek/R/x86_64-pc-linux-gnu-library/4.0
R6,2.5.0,2.5.0,/home/derek/R/x86_64-pc-linux-gnu-library/4.0/R6,/home/derek/R/x86_64-pc-linux-gnu-library/4.0/R6,FALSE,FALSE,2020-10-28,CRAN (R 4.0.4),NA,/home/derek/R/x86_64-pc-linux-gnu-library/4.0
Rcpp,1.0.6,1.0.6,/home/derek/R/x86_64-pc-linux-gnu-library/4.0/Rcpp,/home/derek/R/x86_64-pc-linux-gnu-library/4.0/Rcpp,FALSE,FALSE,2021-01-15,CRAN (R 4.0.4),NA,/home/derek/R/x86_64-pc-linux-gnu-library/4.0
readr,1.4.0,1.4.0,/home/derek/R/x86_64-pc-linux-gnu-library/4.0/readr,/home/derek/R/x86_64-pc-linux-gnu-library/4.0/readr,TRUE,FALSE,2020-10-05,CRAN (R 4.0.4),NA,/home/derek/R/x86_64-pc-linux-gnu-library/4.0
readxl,1.3.1,1.3.1,/home/derek/R/x86_64-pc-linux-gnu-library/4.0/readxl,/home/derek/R/x86_64-pc-linux-gnu-library/4.0/readxl,FALSE,FALSE,2019-03-13,CRAN (R 4.0.4),NA,/home/derek/R/x86_64-pc-linux-gnu-library/4.0
remotes,2.2.0,2.2.0,/home/derek/R/x86_64-pc-linux-gnu-library/4.0/remotes,/home/derek/R/x86_64-pc-linux-gnu-library/4.0/remotes,FALSE,FALSE,2020-07-21,CRAN (R 4.0.4),NA,/home/derek/R/x86_64-pc-linux-gnu-library/4.0
reprex,1.0.0,1.0.0,/home/derek/R/x86_64-pc-linux-gnu-library/4.0/reprex,/home/derek/R/x86_64-pc-linux-gnu-library/4.0/reprex,FALSE,FALSE,2021-01-27,CRAN (R 4.0.4),NA,/home/derek/R/x86_64-pc-linux-gnu-library/4.0
reshape2,1.4.4,1.4.4,/home/derek/R/x86_64-pc-linux-gnu-library/4.0/reshape2,/home/derek/R/x86_64-pc-linux-gnu-library/4.0/reshape2,FALSE,FALSE,2020-04-09,CRAN (R 4.0.4),NA,/home/derek/R/x86_64-pc-linux-gnu-library/4.0
rlang,0.4.10,0.4.10,/home/derek/R/x86_64-pc-linux-gnu-library/4.0/rlang,/home/derek/R/x86_64-pc-linux-gnu-library/4.0/rlang,FALSE,FALSE,2020-12-30,CRAN (R 4.0.4),NA,/home/derek/R/x86_64-pc-linux-gnu-library/4.0
rmarkdown,2.7,2.7,/home/derek/R/x86_64-pc-linux-gnu-library/4.0/rmarkdown,/home/derek/R/x86_64-pc-linux-gnu-library/4.0/rmarkdown,FALSE,FALSE,2021-02-19,CRAN (R 4.0.4),NA,/home/derek/R/x86_64-pc-linux-gnu-library/4.0
rprojroot,2.0.2,2.0.2,/home/derek/R/x86_64-pc-linux-gnu-library/4.0/rprojroot,/home/derek/R/x86_64-pc-linux-gnu-library/4.0/rprojroot,FALSE,FALSE,2020-11-15,CRAN (R 4.0.4),NA,/home/derek/R/x86_64-pc-linux-gnu-library/4.0
rstudioapi,0.13,0.13,/home/derek/R/x86_64-pc-linux-gnu-library/4.0/rstudioapi,/home/derek/R/x86_64-pc-linux-gnu-library/4.0/rstudioapi,FALSE,FALSE,2020-11-12,CRAN (R 4.0.4),NA,/home/derek/R/x86_64-pc-linux-gnu-library/4.0
rvest,1.0.0,1.0.0,/home/derek/R/x86_64-pc-linux-gnu-library/4.0/rvest,/home/derek/R/x86_64-pc-linux-gnu-library/4.0/rvest,FALSE,FALSE,2021-03-09,CRAN (R 4.0.4),NA,/home/derek/R/x86_64-pc-linux-gnu-library/4.0
sandwich,3.0.0,3.0-0,/home/derek/R/x86_64-pc-linux-gnu-library/4.0/sandwich,/home/derek/R/x86_64-pc-linux-gnu-library/4.0/sandwich,FALSE,FALSE,2020-10-02,CRAN (R 4.0.4),NA,/home/derek/R/x86_64-pc-linux-gnu-library/4.0
scales,1.1.1,1.1.1,/home/derek/R/x86_64-pc-linux-gnu-library/4.0/scales,/home/derek/R/x86_64-pc-linux-gnu-library/4.0/scales,FALSE,FALSE,2020-05-11,CRAN (R 4.0.4),NA,/home/derek/R/x86_64-pc-linux-gnu-library/4.0
sessioninfo,1.1.1,1.1.1,/home/derek/R/x86_64-pc-linux-gnu-library/4.0/sessioninfo,/home/derek/R/x86_64-pc-linux-gnu-library/4.0/sessioninfo,FALSE,FALSE,2018-11-05,CRAN (R 4.0.4),NA,/home/derek/R/x86_64-pc-linux-gnu-library/4.0
statmod,1.4.35,1.4.35,/home/derek/R/x86_64-pc-linux-gnu-library/4.0/statmod,/home/derek/R/x86_64-pc-linux-gnu-library/4.0/statmod,FALSE,FALSE,2020-10-19,CRAN (R 4.0.4),NA,/home/derek/R/x86_64-pc-linux-gnu-library/4.0
stringi,1.5.3,1.5.3,/home/derek/R/x86_64-pc-linux-gnu-library/4.0/stringi,/home/derek/R/x86_64-pc-linux-gnu-library/4.0/stringi,FALSE,FALSE,2020-09-09,CRAN (R 4.0.4),NA,/home/derek/R/x86_64-pc-linux-gnu-library/4.0
stringr,1.4.0,1.4.0,/home/derek/R/x86_64-pc-linux-gnu-library/4.0/stringr,/home/derek/R/x86_64-pc-linux-gnu-library/4.0/stringr,TRUE,FALSE,2019-02-10,CRAN (R 4.0.4),NA,/home/derek/R/x86_64-pc-linux-gnu-library/4.0
survival,3.2.10,3.2-10,/home/derek/R/x86_64-pc-linux-gnu-library/4.0/survival,/home/derek/R/x86_64-pc-linux-gnu-library/4.0/survival,FALSE,FALSE,2021-03-16,CRAN (R 4.0.4),NA,/home/derek/R/x86_64-pc-linux-gnu-library/4.0
svglite,2.0.0,2.0.0,/home/derek/R/x86_64-pc-linux-gnu-library/4.0/svglite,/home/derek/R/x86_64-pc-linux-gnu-library/4.0/svglite,FALSE,FALSE,2021-02-20,CRAN (R 4.0.4),NA,/home/derek/R/x86_64-pc-linux-gnu-library/4.0
systemfonts,1.0.1,1.0.1,/home/derek/R/x86_64-pc-linux-gnu-library/4.0/systemfonts,/home/derek/R/x86_64-pc-linux-gnu-library/4.0/systemfonts,FALSE,FALSE,2021-02-09,CRAN (R 4.0.4),NA,/home/derek/R/x86_64-pc-linux-gnu-library/4.0
testthat,3.0.2,3.0.2,/home/derek/R/x86_64-pc-linux-gnu-library/4.0/testthat,/home/derek/R/x86_64-pc-linux-gnu-library/4.0/testthat,FALSE,FALSE,2021-02-14,CRAN (R 4.0.4),NA,/home/derek/R/x86_64-pc-linux-gnu-library/4.0
TH.data,1.0.10,1.0-10,/home/derek/R/x86_64-pc-linux-gnu-library/4.0/TH.data,/home/derek/R/x86_64-pc-linux-gnu-library/4.0/TH.data,FALSE,FALSE,2019-01-21,CRAN (R 4.0.4),NA,/home/derek/R/x86_64-pc-linux-gnu-library/4.0
tibble,3.1.0,3.1.0,/home/derek/R/x86_64-pc-linux-gnu-library/4.0/tibble,/home/derek/R/x86_64-pc-linux-gnu-library/4.0/tibble,TRUE,FALSE,2021-02-25,CRAN (R 4.0.4),NA,/home/derek/R/x86_64-pc-linux-gnu-library/4.0
tidyr,1.1.3,1.1.3,/home/derek/R/x86_64-pc-linux-gnu-library/4.0/tidyr,/home/derek/R/x86_64-pc-linux-gnu-library/4.0/tidyr,TRUE,FALSE,2021-03-03,CRAN (R 4.0.4),NA,/home/derek/R/x86_64-pc-linux-gnu-library/4.0
tidyselect,1.1.0,1.1.0,/home/derek/R/x86_64-pc-linux-gnu-library/4.0/tidyselect,/home/derek/R/x86_64-pc-linux-gnu-library/4.0/tidyselect,FALSE,FALSE,2020-05-11,CRAN (R 4.0.4),NA,/home/derek/R/x86_64-pc-linux-gnu-library/4.0
tidyverse,1.3.0,1.3.0,/home/derek/R/x86_64-pc-linux-gnu-library/4.0/tidyverse,/home/derek/R/x86_64-pc-linux-gnu-library/4.0/tidyverse,TRUE,FALSE,2019-11-21,CRAN (R 4.0.4),NA,/home/derek/R/x86_64-pc-linux-gnu-library/4.0
TMB,1.7.19,1.7.19,/home/derek/R/x86_64-pc-linux-gnu-library/4.0/TMB,/home/derek/R/x86_64-pc-linux-gnu-library/4.0/TMB,FALSE,FALSE,2021-02-05,CRAN (R 4.0.4),NA,/home/derek/R/x86_64-pc-linux-gnu-library/4.0
usethis,2.0.1,2.0.1,/home/derek/R/x86_64-pc-linux-gnu-library/4.0/usethis,/home/derek/R/x86_64-pc-linux-gnu-library/4.0/usethis,FALSE,FALSE,2021-02-10,CRAN (R 4.0.4),NA,/home/derek/R/x86_64-pc-linux-gnu-library/4.0
utf8,1.2.1,1.2.1,/home/derek/R/x86_64-pc-linux-gnu-library/4.0/utf8,/home/derek/R/x86_64-pc-linux-gnu-library/4.0/utf8,FALSE,FALSE,2021-03-12,CRAN (R 4.0.4),NA,/home/derek/R/x86_64-pc-linux-gnu-library/4.0
vctrs,0.3.7,0.3.7,/home/derek/R/x86_64-pc-linux-gnu-library/4.0/vctrs,/home/derek/R/x86_64-pc-linux-gnu-library/4.0/vctrs,FALSE,FALSE,2021-03-29,CRAN (R 4.0.4),NA,/home/derek/R/x86_64-pc-linux-gnu-library/4.0
viridisLite,0.3.0,0.3.0,/home/derek/R/x86_64-pc-linux-gnu-library/4.0/viridisLite,/home/derek/R/x86_64-pc-linux-gnu-library/4.0/viridisLite,FALSE,FALSE,2018-02-01,CRAN (R 4.0.4),NA,/home/derek/R/x86_64-pc-linux-gnu-library/4.0
webshot,0.5.2,0.5.2,/home/derek/R/x86_64-pc-linux-gnu-library/4.0/webshot,/home/derek/R/x86_64-pc-linux-gnu-library/4.0/webshot,FALSE,FALSE,2019-11-22,CRAN (R 4.0.4),NA,/home/derek/R/x86_64-pc-linux-gnu-library/4.0
withr,2.4.1,2.4.1,/home/derek/R/x86_64-pc-linux-gnu-library/4.0/withr,/home/derek/R/x86_64-pc-linux-gnu-library/4.0/withr,FALSE,FALSE,2021-01-26,CRAN (R 4.0.4),NA,/home/derek/R/x86_64-pc-linux-gnu-library/4.0
xfun,0.22,0.22,/home/derek/R/x86_64-pc-linux-gnu-library/4.0/xfun,/home/derek/R/x86_64-pc-linux-gnu-library/4.0/xfun,FALSE,FALSE,2021-03-11,CRAN (R 4.0.4),NA,/home/derek/R/x86_64-pc-linux-gnu-library/4.0
xml2,1.3.2,1.3.2,/home/derek/R/x86_64-pc-linux-gnu-library/4.0/xml2,/home/derek/R/x86_64-pc-linux-gnu-library/4.0/xml2,FALSE,FALSE,2020-04-23,CRAN (R 4.0.4),NA,/home/derek/R/x86_64-pc-linux-gnu-library/4.0
xtable,1.8.4,1.8-4,/home/derek/R/x86_64-pc-linux-gnu-library/4.0/xtable,/home/derek/R/x86_64-pc-linux-gnu-library/4.0/xtable,FALSE,FALSE,2019-04-21,CRAN (R 4.0.4),NA,/home/derek/R/x86_64-pc-linux-gnu-library/4.0
yaml,2.2.1,2.2.1,/home/derek/R/x86_64-pc-linux-gnu-library/4.0/yaml,/home/derek/R/x86_64-pc-linux-gnu-library/4.0/yaml,FALSE,FALSE,2020-02-01,CRAN (R 4.0.4),NA,/home/derek/R/x86_64-pc-linux-gnu-library/4.0
zoo,1.8.9,1.8-9,/home/derek/R/x86_64-pc-linux-gnu-library/4.0/zoo,/home/derek/R/x86_64-pc-linux-gnu-library/4.0/zoo,FALSE,FALSE,2021-03-09,CRAN (R 4.0.4),NA,/home/derek/R/x86_64-pc-linux-gnu-library/4.0
